area,category,description,id,phoneNumber,price,priceCurency,publishedDate,title,town,transactionType,url
appartement à louer pk13,PK13,Grand Appartement très bon standing aux PK13 a l'immeuble en BORDURE de Route  ,https://www.jumia.cm/grand-appartement-02-douche-aux-pk13-a-l-immeuble-en-bordure-de-route-pid10876539,693379031,100000.00,FCFA,"2021Nov. 21, 8:37",GRAND APPARTEMENT 02 DOUCHE AUX PK13 A l'immeuble EN BORDURE DE ROUTE,PK13,6,https://www.jumia.cm/grand-appartement-02-douche-aux-pk13-a-l-immeuble-en-bordure-de-route-pid10876539
terrain titré 480m2 au PK19,Immobilier,Terrain Urbain à Vendre à Logbesou  avec route à lavant et arrière ,https://www.jumia.cm/terrain-titr-vendre-logbessou-200m2-1000m2-500m2--pid10339235,671928803,60000.00,FCFA,"2021sept. 9, 18:57",Terrain  Titré à vendre Logbessou 200m2/1000m2 /500m2 ,Douala,Vente,https://www.jumia.cm/terrain-titr-vendre-logbessou-200m2-1000m2-500m2--pid10339235
Terrain Titré en Vente,Immobilier,"Urgence hautement signalée, une famille en difficultés met en vente 2000m² titré et loti à mendong2 à 1 kilomètre du goudron site électrifié,habité bordure de route secondaire et totalement plat.....NB mfou est à 18 kilomètres d' awae escalier prix cadeau 5000f/m² non discutabe au lieu de 9000f .......besoin d'argent de toute urgence transaction par devant notaire et possibilité d'avoir même 1 ha et plus",https://www.jumia.cm/terrain-de-2000-m-titr-vendre-pid10869421,+237655257564,5000.00,FCFA,"2021Hier, 9:54",Terrain De 2000 m² Titré À Vendre,Mfou,Vente,https://www.jumia.cm/terrain-de-2000-m-titr-vendre-pid10869421
Appartement moderne à makepe BM dans un immeuble à,Makepe,Appartement moderne à makepe vers le Bloc L dans un immeuble seul à l'étage à moins de 50m du goudron constitué de :,https://www.jumia.cm/appartement-moderne-makepe-dans-un-immeuble-seul-l-tage-50m-du-goudron-avec-parking-pid10877360,679823062,100000.00,FCFA,"2021Nov. 21, 11:22",Appartement moderne à makepe dans un immeuble seul à l'étage à 50m du goudron avec parking,Makepe,6,https://www.jumia.cm/appartement-moderne-makepe-dans-un-immeuble-seul-l-tage-50m-du-goudron-avec-parking-pid10877360
40 m,Immobilier,Résidence Cristal Logpom.,https://www.jumia.cm/studio-meubl-logpom-1ch-1sej-1dche-1cuis-pid10060151,692034084,15000.00,FCFA,"2021août 6, 20:29","Studio Meublé à Logpom : 1ch,1sej,1dche,1cuis",Douala,Location,https://www.jumia.cm/studio-meubl-logpom-1ch-1sej-1dche-1cuis-pid10060151
Appartement à louer à biyem assi,Biyem-Assi,1 salon avec terrasse,https://www.jumia.cm/appartement-louer-louer-biyem-assi-pid10877239,690842563,130000.00,FCFA,"2021Nov. 21, 11:01",Appartement à louer à louer biyem assi,Biyem-Assi,07,https://www.jumia.cm/appartement-louer-louer-biyem-assi-pid10877239
Appartement à louer à biyem assi,Biyem-Assi,1 salon avec terrasse,https://www.jumia.cm/appartement-louer-a-biyem-assi-pid10877271,690842563,125000.00,FCFA,"2021Nov. 21, 11:07",Appartement à louer a biyem assi,Biyem-Assi,07,https://www.jumia.cm/appartement-louer-a-biyem-assi-pid10877271
Studio propre à louer,Biyem-Assi,1 salon avec terrasse,https://www.jumia.cm/studio-moderne-a-louer-a-biyem-assi-pid10877196,690842563,70000.00,FCFA,"2021Nov. 21, 10:51",Studio moderne a louer a biyem assi,Biyem-Assi,04,https://www.jumia.cm/studio-moderne-a-louer-a-biyem-assi-pid10877196
Triplex a Louer ,Nsam,"Grande Villa, facilement  accessible à moins de 50mètres  de la route principale , composée de 4chambres; Très Vaste Salon + Salle à Manger; Grande cuisine + Magasin;  3douches;  Parking de plus de 4 véhicules minimum.",https://www.jumia.cm/villa-spacieuse-louer-nsam-pid10876664,696791648,300000.00,FCFA,"2021Nov. 21, 9:05",Villa spacieuse à louer à nsam,Nsam,10,https://www.jumia.cm/villa-spacieuse-louer-nsam-pid10876664
Chambre moderne,Beedi,Studio moderne à louer a l'immeuble au 1er niveau situé à beedi hôpital général de Douala .   ,https://www.jumia.cm/studio-moderne-beedi-pid10877122,696438776,60000.00,FCFA,"2021Nov. 21, 10:36",Studio Moderne à Beedi,Beedi,05,https://www.jumia.cm/studio-moderne-beedi-pid10877122
Immeubles a vendre très très bon prix,Ndogpassi,"Maison  de 2 chambres 2 douches , un salon ,une cuisine et une terrasse dans une barrière .possibilité de se garer.  Construit sur un terrain sec et non marécageux, murs extérieurs , intérieur et sols carrélés ,la maison dispose de l'eau de forage et d’un compteur prépayé eneo. Elle est située à 70 m environ du goudron à la grande shell axe lourd Douala- Yaoundé en allant du côté de la cité berge construit sur un terrain de 100 M2 non titré ,  , très bel emplacement et Quartier très sécurisé et  bien desservi. Des écoles , collèges , lycée , commerces et marchés a proximité. Accès facile .10 millions de francs cfa",https://www.jumia.cm/maison-vendre-douala-pid10823111,657797892,10000000.00,FCFA,"2021nov. 14, 14:32",Maison à vendre Douala,Ndogpassi,5,https://www.jumia.cm/maison-vendre-douala-pid10823111
Duplex à vendre à kotto banguè,Kotto,Grand appartement à louer,https://www.jumia.cm/appartement-de-3chambres-kotto-pid10877054,655180917,180000.00,FCFA,"2021Nov. 21, 10:26",Appartement de 3chambres à kotto,Kotto,7,https://www.jumia.cm/appartement-de-3chambres-kotto-pid10877054
